{
  "confidence_intervals": {
    "A_small": {
      "naive": {
        "mean": 0.0023150000008172354,
        "margin": 0.0006713654670155413,
        "lo": 0.001643634533801694,
        "hi": 0.002986365467832777
      },
      "indexed": {
        "mean": 0.0005067999998573213,
        "margin": 0.0002118176041413463,
        "lo": 0.000294982395715975,
        "hi": 0.0007186176039986677
      }
    },
    "A_large": {
      "naive": {
        "mean": 11.903591699998652,
        "margin": 0.19207359433141186,
        "lo": 11.71151810566724,
        "hi": 12.095665294330063
      },
      "indexed": {
        "mean": 2.8089188999976615,
        "margin": 0.189094068951433,
        "lo": 2.6198248310462287,
        "hi": 2.9980129689490944
      }
    },
    "B_small": {
      "naive": {
        "mean": 0.015762459998950363,
        "margin": 0.0010626414598871195,
        "lo": 0.014699818539063244,
        "hi": 0.016825101458837484
      },
      "indexed": {
        "mean": 0.0002624799977638759,
        "margin": 3.299558395195616e-05,
        "lo": 0.00022948441381191975,
        "hi": 0.00029547558171583204
      }
    },
    "B_large": {
      "naive": {
        "mean": 40.55894957999844,
        "margin": 0.3096083371177776,
        "lo": 40.24934124288066,
        "hi": 40.86855791711622
      },
      "indexed": {
        "mean": 0.715325980000489,
        "margin": 0.011510056210287074,
        "lo": 0.7038159237902019,
        "hi": 0.7268360362107761
      }
    }
  },
  "hypothesis_tests": {
    "A_small": {
      "t_stat": 8.063709144006463,
      "t_critical": 2.132,
      "df": 4,
      "d_mean": 0.0018082000009599143,
      "d_std": 0.0005014141813469051,
      "rejected": true
    },
    "A_large": {
      "t_stat": 242.94906229560468,
      "t_critical": 2.132,
      "df": 4,
      "d_mean": 9.094672800000989,
      "d_std": 0.08370605106175162,
      "rejected": true
    },
    "B_small": {
      "t_stat": 41.559559517057075,
      "t_critical": 2.132,
      "df": 4,
      "d_mean": 0.015499980001186487,
      "d_std": 0.0008339599681829,
      "rejected": true
    },
    "B_large": {
      "t_stat": 350.6905934068994,
      "t_critical": 2.132,
      "df": 4,
      "d_mean": 39.843623599997954,
      "d_std": 0.25405030107590426,
      "rejected": true
    }
  }
}